11amAirRaid,Always,disappointed,by,the,xenophobic,undertones,of,the,anti-soccer,crowd,(as,if,baseball,doesn't,have‚Ä¶,t.co/ZeWwra05IS,,,,,,,,,,
,tleehumphrey:,A,Liberal,dominated,committee,will,investigate,the,Liberal,PM,I‚Äôm,sure,that,will,bring,clarity,to,the,situation.,Sarcas‚Ä¶,,,,,,
Oh,great,more,hippie,libtards,trying,to,tell,us,what,to,do,with,our,2A.,What,do,doctors,know,about,guns?,Are,th‚Ä¶,t.co/pe7rcEgPsq,,,
soxhawk,Seems,like,a,fool,proof,plan,I,am,in,for,it!,,,,,,,,,,,,,,,
Grab,and,Uber,still,sucks.,Taxis,are,still,the,best,and,jeepneys,are,still,the,safest,says,LTFRB.,t.co/6iqbOKRfKC,,,,,,,,
,JeffKasky:,Oh,great,more,hippie,libtards,trying,to,tell,us,what,to,do,with,our,2A.,What,do,doctors,know,about,guns?,Are,they,even,‚Ä¶
Wow,AmazonUK,I,got,two,deliveries,today.,Check,out,the,packaging,options....,well,done,on,saving,the,planet‚Ä¶,t.co/ALfmDizxbf,,,,,,,,
FST_4DR,nygelt,He,was,using,what,HUMANS,constantly,refer,to,as,.,You,are,experiencing,symptoms,commonly,a‚Ä¶,t.co/Vay3fpUjZU,,,,,,,,
,JeffKasky:,Oh,great,more,hippie,libtards,trying,to,tell,us,what,to,do,with,our,2A.,What,do,doctors,know,about,guns?,Are,they,even,‚Ä¶
,JeffKasky:,Oh,great,more,hippie,libtards,trying,to,tell,us,what,to,do,with,our,2A.,What,do,doctors,know,about,guns?,Are,they,even,‚Ä¶
,somesingsfishy:,buzzman888,SenJohnMcCain,POTUS,‚û°Ô∏èSenJohnMcCain,Sure,Senator.,Because,it's,perfectly,logical,for,al-Assad,or,his,a‚Ä¶,,,,,,,,,,
C_Papachaviaris,Œ†œÅŒ≠œÄŒµŒπ,ŒΩŒ±,œÄœÅŒøœÉŒ∏Œ≠œÑœâ,œÉŒµ,œÑŒ≠œÑŒøŒπŒ±,,,,,,,,,,,,,,,,,,,,,
,tleehumphrey:,A,Liberal,dominated,committee,will,investigate,the,Liberal,PM,I‚Äôm,sure,that,will,bring,clarity,to,the,situation.,Sarcas‚Ä¶,,,,,,
,JennaNeen:,NRO,Let,the,RussianCollusion,BEGIN,Zuckerberg,üòÇüòÇ,WeThePeople,know,how,you,have,lined,the,pockets,of,GOP,and,TheDemocra‚Ä¶,,,,,,
,JeffKasky:,Oh,great,more,hippie,libtards,trying,to,tell,us,what,to,do,with,our,2A.,What,do,doctors,know,about,guns?,Are,they,even,‚Ä¶
Climate,change,is,fake,because,it's,snowing,in,April,and,I,can't,differentiate,between,weather,and,climate.,climatechange,,,,,,,,,
I,think,it‚Äôs,a,good,idea,for,Americans,to,trust,the,FBI,will,all,their,guns.,,,,,,,,,,,
,RestHard,t.co/XObveIvWSP,,,,,,,,,,,,,,,,,,,,,,,,
OGE,just,moved,to,the,top,of,the,list,of,‚ÄúUnnecessary,Bureaucracies,To,Be,Eliminated.‚Äù,t.co/IqnNAAY4uH,,,,,,,,,,,
washingtonpost,What,an,American,patriot.,Always,fighting,to,protect,the,defenseless.,,,,,,,,,,,,,,,,
Biggest,breakthrough,of,CampNaNoWriMo,:,Actually,figuring,out,my,character,arc.,Because,who,needs,one,of,those,bef‚Ä¶,t.co/RZwk7aNwg6,,,,,,,,
NationalSiblingsDay,happiness2018,happinessishere,happinessjourney,,,,,,,,,,,,,,,,,,,,,,,
Brother,in,the,middle,,,,,,,,,,,,,,,,,,,,,,,
Three,nominated,for‚Ä¶,t.co/rhC3mXZ31V,,,,,,,,,,,,,,,,,,,,,,,
When,is,it,going,to,slide?,lol,,,,,,,,,,,,,,,,,,,,
,imbearish,t.co/sSUOEy0g1k,,,,,,,,,,,,,,,,,,,,,,,,
Renard803,foxandfriends,Brendy438,EdFolsomlaw,LarryS500,Gee,that‚Äôs,a,really,good,and,specific,example,of,Trum‚Ä¶,t.co/EGUrbZnq3O,,,,,,,,,,,
realDonaldTrump,Nice,job,for,fitting,literally,one,woman,and,one,black,man,into,this,photo!,No,president,is,more,i‚Ä¶,t.co/UgQAIOyBJP,,,,,,
eagerly,awaiting,the,facebook,hearing,which,will,consist,of,softball,question's,a,lot,of,I'm Sorry's,from,zuc‚Ä¶,t.co/tCN7K20BLL,,,,,,,,,
Scam,of,Indian_Parents,,,,,,,,,,,,,,,,,,,,,,,,
,,,,,,,,,,,,,,,,,,,,,,,,,,
Lol,Meme,t.co/twu0GoBUun,,,,,,,,,,,,,,,,,,,,,,,,
Nice,to,see,a,vanRE,developer,helping,out,the,lower-class.,Each home sold will trigger a home to be built to hous‚Ä¶ t.co/yOzqlxHwdK,,,,,,,,,,,,,,,,
Teacher:,Describe,your,best,friend,in,one,word.,,,,,,,,,,,,,,,,,,,
Me:,chutiyamcbcmaccharkijhaant,,,,,,,,,,,,,,,,,,,,,,,,,
BestFriendGoals,mc,bc,friends‚Ä¶,t.co/n8OzRKRlyb,,,,,,,,,,,,,,,,,,,,,,
WSJ,Yeah,just,what,the,mobile,phone,industry,needs.,Less,competition.,,,,,,,,,,,,,,,,
Thanks,for,damaging,my,package,UPS.,nothappy,,,,,,,,,,,,,,,,,,,,
NaNaNeckless,Affirmative,üòâ,,,,,,,,,,,,,,,,,,,,,,,,
I,was,hoping,it,would,snow,again.,,,,,,,,,,,,,,,,,,,,
IBflatland11,Miminy,benjaminwittes,U,got,it,all,wrong:,realDonaldTrump,is,distracting,us,from,the,fire,at,his,s‚Ä¶,t.co/cEhb9yGF3N,,,,,,,,
BreitbartNews,Maybe,we,can,take,the,stance,with,our,border,the,way,Israel,has,been,doing,with,the,Palestinians--yo‚Ä¶,t.co/UM9OTS0UtW,,,,,,,
CNNPolitics,Because,it's,so,worth,saving.,,,,,,,,,,,,,,,,,,,,,
,,,,,,,,,,,,,,,,,,,,,,,,,,
,,,,,,,,,,,,,,,,,,,,,,,,,,
Sprint,and,T-Mobile,should,just,negotiate,on,Twitter.,It's,what,realDonaldTrump,does,after,all,right?,So,why,not‚Ä¶,t.co/KdY4u6aPKO,,,,,,,,
cjwerleman,How,brave,of,them,to,lynch,an,unarmed,man.,Salute,to,these,VALIANT,HINDUS.,,,,,,,,,,,,
Thanks,for,the,invitation,&amp,for,sending,some,food,over!,It's,great,to,work,for,the,official,flagship,of,the,Penguin‚Ä¶,t.co/9vDKZsBPsu,,,,,
Wall,Street,is,betting,the,third,time,may,be,charm.,Sprint,spikes,20%,on,WSJ,report,while,TMobile,is,up,7%.,Eve‚Ä¶,t.co/OTc3d33tEe,,,,
MensHumor,Seems,about,right,,,,,,,,,,,,,,,,,,,,,,,
People,who,discuss,politics,in,all,capitals,are,clearly,very,sane,stable,people...,t.co/LDfOXt1fj6,,,,,,,,,,,,,
VoiceOfTheStar,Makes,sense,so,no,they,shouldn‚Äôt!!!,,,,,,,,,,,,,,,,,,,,
Lol...right.,t.co/FLAnyUYqoL,,,,,,,,,,,,,,,,,,,,,,,,,
Glen51023001,charlesadler,jimsarty,Just,think,of,the,great,things,you,are,doing,to,save,the,planet,from,climate‚Ä¶,t.co/npyE9dXf1N,,,,,,,,
BroncoFanatic97,CoachBillick,bstokley14,but,but,but...look,at,his,2015,completion,%.,,,,,,,,,,,,,,,,
Ciri,ciri,manusia,yg,ada,mata:,,,,,,,,,,,,,,,,,,,,,
1,Bila,nak,tidur,mesti,nak,tutup,mata,,,,,,,,,,,,,,,,,,,
2,Bila,mandi,je,mesti,guna,air,,,,,,,,,,,,,,,,,,,,
3,Bila,makan,guna,mulut,,,,,,,,,,,,,,,,,,,,,,
,,,,,,,,,,,,,,,,,,,,,,,,,,
Kidsdoc1Rick,zitwood221,Golfergirl2018,hornswaggled2,Cattlechildren,Charbrevolution,eamonno1,kidoctr‚Ä¶,t.co/EhJEJZG9yn,,,,,,,,,,,,,,,,,,
Genius!,t.co/lPy7EtQHGD,,,,,,,,,,,,,,,,,,,,,,,,,
NSNDP,What,StephenMcNeil,defensive,-,no,way,he,is,always,so,calm,and,collected,,,,,,,,,,,,,
Ooh,look,another,reskinned,premium,tank.,Goody,goody.,Just,what,this,game,needs.,t.co/gQlYB8cYSA,,,,,,,,,,,,,
realDonaldTrump,Bet,you're,upset,that,less,than,20%,of,your,followers,clicked,LIKE,on,this,tweet.,Sad!,,,,,,,,,,
cdzapolsky1,.LouDobbs,Yes,hurry,before,the,depth,of,trump's,corruption,can,be,shared,with,the,American,people!,,,,,,,,,,
,,,,,,,,,,,,,,,,,,,,,,,,,,
Thanks,Milford,Starbucks,for,giving,me,a,03-Apr,filled,latte,after,the,whipped,cream,melted.,,,,,,,,,,,,
thehill,I,mean,it's,clearly,a,scheme,by,the,Democrats,to,frame,Trump.,The,way,that,they,tricked,Trump,into,appoin‚Ä¶,t.co/s5yl9QfBYp,,,,,
Kirk_Barton,Yes,it‚Äôs,worked,in,the,past,,,,,,,,,,,,,,,,,,,,
It‚Äôs,nice,to,know,that,T4G,will,at,least,be,free,from,controversy.,,,,,,,,,,,,,,
,,,,,,,,,,,,,,,,,,,,,,,,,,
,,,,,,,,,,,,,,,,,,,,,,,,,,
cnni,I,wonder,which,side,of,this,crack,BarackObama,was,born!,,,,,,,,,,,,,,,,
M,is,for,motherfuckers,ü§£.,m,tuesday,fuck,motherfucker,serious,KingOf,bang‚Ä¶,t.co/I32TWz5iiP,,,,,,,,,,,,,,
Yeah,this,is,normal.,t.co/5uYX8q7MOQ,,,,,,,,,,,,,,,,,,,,,,
Meanwhile,violent,crime,surges,in,London,people,are,murdered,every,week,and,the,Police,are,tied,up,with,this,crap,i‚Ä¶,t.co/PryEkW32Xu,,,,,
tiyofelipe,tedlieu,Yes,because,California,invented,supply,and,demand.,,,,,,,,,,,,,,,,,,
Drccvon,VoliBolas,charliekirk11,The,deep,state,was,smart,to,hire,stormy,in,2006,to,nail,trump,in,2018,Planning,,,,,,,,
pangalactic,I,had,no,idea,that,by,trying,to,be,inclusive,back,in,the,day,I,was,going,against,the,grain,of,what,ga‚Ä¶,t.co/FAVJEnnDcK,,
di_plora,Real_PeachyKeen,That,was,a,coincidence.,I,run,into,friends,on,Airport,Tarmacs,all,the,time.,üôÑ,,,,,,,,,,
narendramodi,,,,,,,,,,,,,,,,,,,,,,,,,,
We,the,people,of,Tamil,nadu,are,so,privileged,to,have,such,a,wonderful,Prine,Minister.Thanks,for,eve‚Ä¶,t.co/Dl7dd7jguc,,,,,,,,
OMG,how,could,Bill,remember,all,those,lines?,BoldandBeautiful,,,,,,,,,,,,,,,,,,
jnorris427,gondeee,About,time...dang,scrub,,,,,,,,,,,,,,,,,,,,,,
Callon,is,back,intact.,Check,out,the,Allegiance,sample,on,bookbuzzr,mustread,fantasy,dragon,-,t.co/FI18RHQ5W8,,,,,,,,,,,
meme,memes,memer,memelife,memesforlife,only,dankmemes,memesdaily,ipl,MSDhoni,MU,bcom,exams,,,,,,,,,,,,,,
Thx,for,the,amazing,service,FrontierCorp,!,I,pay,for,100,Mbps,download,and,haven't,once,reached,that,speed.,And,on‚Ä¶,t.co/4qnxiaNdeC,,,,,
nissych5,cjsnowdon,Indeed.,Religion,interfering,in,Politics,has,never,caused,any,problems,anywhere,has,it,?,,,,,,,,,,,
Perfectly,healthy.,And,not,at,all,cultish.,t.co/6Js979Znza,,,,,,,,,,,,,,,,,,,
Greatwhite343,WorldAndScience,Just,because,it's,colder,where,you,live,it,doesn't,mean,that's,the,same,for,the,re‚Ä¶,t.co/uYQxwjr7K9,,,,,,,,
I,just,love,that,the,rooftops,are,still,frosted,in,the,morning,when,I,get,up,and,look,out,my,window.,‚Ä¶,t.co/10gmpOwHCE,,,,
Tibetfreenow,thoughtland,KennyFarq,You,mean,like,that,paragon,of,virtue,known,as,the,British,state,?,,,,,,,,,,,
,,,,,,,,,,,,,,,,,,,,,,,,,,
crimesofbrits,,,,,,,,,,,,,,,,,,,,,,,,,,
ricaespiritu,No,technology,is,evil,and,it‚Äôs,never,the,people‚Äôs,fault!,,,,,,,,,,,,,,,,
theweaselborne,tdub909,Yeah.,He‚Äôs,a,white,American.,We,can‚Äôt,call,him,a,terrorist.,SARCASM,,,,,,,,,,,,,
andddd,my,fucking,gas,light,is,on?!,oh,this,day,is,going,to,be,awesome,WonderfulWednesday,,,,,,,,,,,
It‚Äôs,written,in,white,words,over,a,photograph.,It,must,be,true.,üôÑüôÑüôÑ,memesbelike,,,,,,,,,,,,,
‡§Ø‡•ã‡§ó‡•Ä,‡§Ü‡§¶‡§ø‡§§‡•ç‡§Ø‡§®‡§æ‡§•,‡§ï‡•Ä,‡§∏‡§´‡§æ‡§à.,‡§ï‡§π‡§æ-,‡§π‡§Æ‡§æ‡§∞‡§æ,‡§ï‡§æ‡§Æ,‡§ó‡§æ‡§Ø,‡§¨‡§ö‡§æ‡§®‡§æ,‡§π‡•à,‡§≤‡§°‡§º‡§ï‡•Ä,‡§®‡§π‡•Ä‡§Ç‡•§,,,,,,,,,,,,,,,
,t.co/wD4ObUJsgH,,,,,,,,,,,,,,,,,,,,,,,,,
Solidarity,Yeah,t.co/D62MPAqJ1j,,,,,,,,,,,,,,,,,,,,,,,,
Srk,:,Haar,kar,jeetnay,waale,ko,baazigar,kehtay,hai...,,,,,,,,,,,,,,,,,
Me,:,Acha,jo,jeeta,hua,match,haar,usko,KKR,kehtay...,,,,,,,,,,,,,,,,
Srk,:,B‚Ä¶,t.co/0EkTQsn4DD,,,,,,,,,,,,,,,,,,,,,,,
politico,Love,the,element,of,surprise,,,,,,,,,,,,,,,,,,,,,
QuilliamOrg,That's,what,we,need!,!,,,,,,,,,,,,,,,,,,,,,
So,Sony,is,planning,on,a,new,console,but,there's,no,info,on,it.,But,everyone,is,talking,about,it.,News,about,a,con‚Ä¶,t.co/FeL0Tcdt4H,,
Players,standing,around,listening,to,their,walk,up,music,slows,the,game,down!,Ban,walk,up,music...Let's,move,things‚Ä¶,t.co/BP8LjDPPUJ,,,,,,,
UberFacts,so,Foursome,should,be,pretty,common,in,Kangaroos...,how,many,to,qualify,for,Gangbang,,,,,,,,,,,,
kirkhawksworth,BeatsByNatural,All,I‚Äôm,asking,for,is,a,source...,can,you,educate,me,who,‚Äúdocumented‚Äù,that,it,was,b‚Ä¶,t.co/zrb7cr65z3,,,,,,,
You,kill,you,pay...,BeingSalmanKhan,you,could,have,done,this,in,Europe,or,South,Africa,it's,legal....,t.co/AxNCJr28lQ,,,,,,,,,
BriannaJohns2,Yeah,Yankee,fans,are,so,different...they‚Äôve,been,screaming,their,support,the,last,few,years,when,th‚Ä¶,t.co/e2xEkQaW5Y,,,,,,,,,
kylegriffin1,Is,that,?,,,,,,,,,,,,,,,,,,,,,,,
I'm,always,impressed,with,the,indignation,of,Senate,hearings.,,,,,,,,,,,,,,,,,,
,,,,,,,,,,,,,,,,,,,,,,,,,,
SpartanGhost17,Gunner915,xTAYFUNNNx,ArsenalMoh8,...,t.co/zpAJlgBspZ,,,,,,,,,,,,,,,,,,,,,
It's,said,that,is,the,lowest,form,of,wit.,To,that,I,say,"No, really? Hey, somebody give this person a Nobel peace prize!",,,,,,,,,,,,,
drusiph,comic,comicstrip,comicbook,comedy,cartoon,webtoon,webcomic,webseries,writing,satire,‚Ä¶,t.co/aBDDG6Yq85,,,,,,,,,,,,,,
Placenta,milkshake...,Oh,yes...,You'll,drink,this,PLACENTUALLY!,Ice,and,The,Face,183,OUT,NOW!,PodernFamily‚Ä¶,t.co/DSkTFdTFo8,,,,,,,,,,
Found,this,on-line.,But,if,you,think,about,it,the,does,make,sense,syria,t.co/RDgtNE63Hm,,,,,,,,,,,,
feras5173,ShehabiFares,Abu,Talib,supporting,Zionists,occupy,Jerusalem,,,,,,,,,,,,,,,,,,,
,,,,,,,,,,,,,,,,,,,,,,,,,,
Nice,comparison.,,,,,,,,,,,,,,,,,,,,,,,,,
,,,,,,,,,,,,,,,,,,,,,,,,,,
PrisonPlanet,Actually,it,proves,he's,a,Russian,bot/agent.,),,,,,,,,,,,,,,,,,,
,,,,,,,,,,,,,,,,,,,,,,,,,,
Adam,Carolla,has,a,segment,on,his,podcasts,‚ÄòWhat,can‚Äôt,Adam,complain,about.‚Äô,I‚Äôm,thinking,we,get,chestnuthell,a,s‚Ä¶,t.co/Xyv9lzAuQD,,,,,,
JideolaNFB,jaykins11111,omaakatugba,Fergie,won,with,Man,Utd,and,Pep,beat,him,Twice,in,the,Final,because,He,Spent,¬£500m.,,,,,,,
freewill121,CNN,CNNOpinion,Super,proud,of,this,Hitler,youth,t.co/gWk1BKBLIS,,,,,,,,,,,,,,,,,
ABSCBNNews,Pakibalita,nga,to,kay,Sereno,para,sumaya,naman,siya...,,,,,,,,,,,,,,,,,
oh,that's,interesting,please,do,tell,me,more....,OAP,Dates,HugeAmounts,Of,InTheNews‚Ä¶,t.co/AQ5rhkZ491,,,,,,,,,,,,,
realDonaldTrump,POTUS,clearly,knows,what,he,is,talking,about...,,,,,,,,,,,,,,,,,,
u2songs,U2,U2Community,But,...,But,...,U2,have,promised,to,increase,the,volume,mix,of,John,Lennon‚Äôs,voice!,His‚Ä¶,t.co/3q6V9eogNc,,,,,,
Hey,Andrew,Constance,your,Newcastle,bus,network,is,an,unreliable,piece,of,farce.,Thanks,to,buses,not,showing,up,or‚Ä¶,t.co/1ixxFjm9HH,,,,,,
Jetjaguar67,It,maybe,his,choice,to,goto,comic,cons,and,sign,autographs,for,12,hours,and,not,be,home,comfortable,en‚Ä¶,t.co/aVHgxgtGjO,,,,,
declare,what‚Äôs,normal,as,a,state,of,emergency.,yes‚ÄîTrump,is,totally,the,only,POTUS,to,ever,do,this.,,,,,,,,,
Genial:,Nun,d√ºrfen,auch,Deutsche,am,Theater,so,richtig,mal,am,eigenen,Leib,erfahren,was,es,hei√üt,Opfer,einer,ind‚Ä¶,t.co/uV5zJo75h3,,,,,,
twinqueen53,Did,you,have,ANYTHING,else,to,do,in,your,life,besides,wait,on,VZWSupport?,That,seems,a,little,uncar‚Ä¶,t.co/7oRRfQefvp,,,,,,
brhodes,Why,would,you,expect,her,to,know,that?,,,,,,,,,,,,,,,,,,
,,,,,,,,,,,,,,,,,,,,,,,,,,
WINNYC_ORG,BilldeBlasio,Those,free-wheeling,liberal,policies,are,really,doing,their,part,to,get,kids,and,their,fa‚Ä¶,t.co/TuTLsOlddr,,,,,,,,,
I‚Äôm,glad,the,voice_of_rom,reminds,me,to,breathe.,I,frequently,forget,and,pass,out.,smartass,swoleandflexy,,,,,,,,,,,
Putin,must,be,shitting,himself,right,now...,t.co/NnbheMsTfx,,,,,,,,,,,,,,,,,,,
Zendgemachtigde,FriendsofPutin,Yeah,must've,been,one,hell,of,a,dose,of,food,poisoning,for,the,policeman,that,hel‚Ä¶,t.co/P6KrISam3m,,,,,,,,
pauljniven,Watching,with,bated,breath,wondering,if,this,could,kick things off.,Not,worried,either,way.,,,,,,,,,,,,,
My,God,look,at,this,psychopath,Assad!!,You,can,really,see,the,insanity,in,his,eyes,and,the,menace,in,his,voice,as‚Ä¶,t.co/qZii8Fd5Xv,,,
MadonnaDJ88,DRUDGE_REPO,We,need,to,have,a,massive,protest.,The,NCA,is,responsible,for,this,madness,and,needs,to‚Ä¶,t.co/DVtHbjxdXv,,,,,,,
Heute,beim,Einkaufen...,ü§§üòÅ,,,,,,,,,,,,,,,,,,,,,,,
blessedwithstupidity,livelifethefunnyway,enjoylife,feelfree,‚Ä¶,t.co/zJN0KRsJd0,,,,,,,,,,,,,,,,,,,,,
Female,reporter,who,investigated,Rob,Ford,blasts,film,focused,on,male,reporter,t.co/aSucJRVmNP,,,,,,,,,,,,,,
,,,,,,,,,,,,,,,,,,,,,,,,,,
Why have a‚Ä¶ t.co/mCZYYFribC,,,,,,,,,,,,,,,,,,,,,,,,,,
JuddLegum,Donal_OKeeffe,but,he's,always,been,honest,before.....,,,,,,,,,,,,,,,,,,,
ShekharGupta,ChitleenKSethi,Even,Akbar,and,Tuglaq,did,that.,so,whats,new?,politics_of_absurdity,,,,,,,,,,,,,,,
Stev_veen,Maxxyfire,‚ÄúFacts‚Äù,üòÇ,,,,,,,,,,,,,,,,,,,,,,,
sabrinaclaudio,How,sincereüòí,racist,sometimesitbeyourownplaylist,,,,,,,,,,,,,,,,,,,,,,
Sure,let's,start,another,pointless,war,to,direct,attention,away,from,certain,legal,proceedings.,,,,,,,,,,,,,
So,excited,it‚Äôs,snowing,again.,FOsnow,t.co/nT9zTwOlU6,,,,,,,,,,,,,,,,,,,,
Ah,yes.,A,headache,before,work,is,a,wonderful,thing.,,,,,,,,,,,,,,,,,
Yep,I,need,this,sign!,,,,,,,,,,,,,,,,,,,,,,
,,,,,,,,,,,,,,,,,,,,,,,,,,
humpday,funny,guesswhatdayitis,t.co/FtTjbH3twL,,,,,,,,,,,,,,,,,,,,,,,
Staying,classy,and,consistent.,fucktrump,t.co/LFm1fSD2QA,,,,,,,,,,,,,,,,,,,,,
I‚Äôm,so,glad,someone,saved,this,last,bit,of,milk.,familylife,milkcrisis,t.co/bnm836hFx9,,,,,,,,,,,,,,
Œ£ŒπŒ≥Œ¨,ŒºŒ∑,œÑœÉŒ±Œ∫œâŒ∏ŒøœçŒºŒµ,œÑœéœÅŒ±,Œ≥ŒπŒ±,œÑŒøŒΩ,ŒúœÄŒ±Œ∫ŒøŒ≥ŒπŒ¨ŒΩŒΩŒ∑,,,,,,,,,,,,,,,,,,,,
Wonderful,Cape,Cod.,t.co/nJRniWA7Q0,,,,,,,,,,,,,,,,,,,,,,,
hizamiahmad,Seeloknya,kita,p,daftar,sbg,pemilih,sehari,selepas,pengundian,dijalankan.,,,,,,,,,,,,,,,,
,,,,,,,,,,,,,,,,,,,,,,,,,,
ABC,Negation2010,What,including,when,Obama,was,President??,That,just,couldn't,be!!!,,,,,,,,,,,,,,,
,,,,,,,,,,,,,,,,,,,,,,,,,,
Muricans,please,note:,,,,,,,,,,,,,,,,,,,,,,,,
heartsways,_stormqueen,üòú,,,,,,,,,,,,,,,,,,,,,,,,
Docbailey2005,realDonaldTrump,And,"I am a medical doctor, so really stupid",,,,,,,,,,,,,,,,,,,,,,,
Ottauquechee,American330,DavidCayJ,I,use,the,hashtag,to,keep,me,out,of,trouble.,,,,,,,,,,,,,,
Oh,no!,What's,BB,going,to,do?,Edelman,is,out,getting,treatment,from,Guerrero,right,now.,üôÑ,,,,,,,,,,
100%,correct,t.co/t1bAzsU34S,,,,,,,,,,,,,,,,,,,,,,,,
inaybother,TIFF_NET,priyankachopra,Yes,and,Peter,Sellers,could,play,a,brown,man,will,equal,ease.,,,,,,,,,,,,
,,,,,,,,,,,,,,,,,,,,,,,,,,
alan_burkhead,lipkinlip,realDonaldTrump,Clicking,the,message,bubble,and,writing,a,coherent,thought,usually,takes‚Ä¶,t.co/HZ4QBZvh56,,,,,,,,,,,,
Add,me,on,kik,for,sext,and,nudes,name,:,ONOMORA,notfeelingit,next,t.co/PkKyips0QH,,,,,,,,,,,,,
Overpriced,healthcare,is,overpriced,or,Salads:,Bad,for,you,or,REALLY,BAD,FOR,YOU?,t.co/7v1PR9ubKm,,,,,,,,,,,,
Lahanatt,ni,betul,dendam.,,,,,,,,,,,,,,,,,,,,,,,
Aku,block,dia,sekali,je,kt,insta.,,,,,,,,,,,,,,,,,,,,
Aku,dah,unblock,follow,dia.,,,,,,,,,,,,,,,,,,,,,,
Tapi,pehal,dia,taknak,f‚Ä¶,t.co/GFVefuGpV1,,,,,,,,,,,,,,,,,,,,,
In,other,words,SenJoniErnst,used,stolen,personal,information,to,cheat,her,way,into,Congress.,Iowa,nice,indeed.‚Ä¶,t.co/FTF0cCaERI,,,,,,,,,
charlesadler,Well,since,the,cruise,ships,fishing,charter,boats,and,tour,planes,all,run,on,pixie,dust,then,it‚Äôs,no‚Ä¶,t.co/csiUPR0h4R,,,,,,
Wanna,know,the,best,part,about,living,next,to,a,military,base?,When,someone,calls,in,a,bomb,threat,and,you,begin,pr‚Ä¶,t.co/lePu5fytnH,,,
I'm,SURE,the,generals,told,trump,to,telegraph,their,plays,to,Putin.,,,,,,,,,,,,,,,
,,,,,,,,,,,,,,,,,,,,,,,,,,
tranquilitee_,WHERE,did,you,go,to,Law,School,or,to,Law,Enforcement,Officers',Training,Academy,(),That's‚Ä¶,t.co/qTZzdv4uCO,,,,,,,,,
wow,arrow,so,original,classicartmemes,medivalmemes,repost,jaycharrisma‚Ä¶,t.co/tcSeJyMuFK,,,,,,,,,,,,,,,,,,
mach162,Dear,Facebook,would,you,be,so,kind,to,use,that,FaceRecognition,capability,and,let,us,know,the,congressm‚Ä¶,t.co/ko2yjCVo7z,,,,,,,
So,proud,that,this,is,our,leader,during,a,military,operation.,t.co/XObDtsYmYF,,,,,,,,,,,,,,,
jimmykimmel,is,a,great,example,for,men,and,a,great,leader,for,the,MeToo,movement,what,a,POS!,t.co/i8X15HzWhf,,,,,,,,
jimmykimmel,is,a,great,example,for,men,and,a,great,leader,for,the,MeToo,movement,What,a,POS!,t.co/i8X15HzWhf,,,,,,,,
MichaelDover,Thank,you,for,sharing,with,future,crazed,homicidal,Liberal,mass,murderers,where,in,Chattanooga,they,m‚Ä¶,t.co/ZDL8eG4FnQ,,,,,,,,,
LioPerron,GagnonFrancois,30,matchs,de,1,but,ou,moins,par,le,ch...,,,,,,,,,,,,,,,
,,,,,,,,,,,,,,,,,,,,,,,,,,
√áa,doit,√™tre,la,faute,de,l'attitude,price,,,,,,,,,,,,,,,,,,,
ClayTravis,That's,hard,hitting,sports,entertainment,right,there.,,,,,,,,,,,,,,,,,,,
$SPY,STRAIGHT,higher,since,the,open,‚Äúrisk,management‚Äù,is,so,last,decade,there,is,NO,risk.,,,,,,,,,,,
üòÇüòÇ,Funny,memes,Jokes,puns,lol,t.co/fUmHtBsPUs,t.co/uQqwvdWJmn,,,,,,,,,,,,,,,,,,,
I,love,my,job,that,makes,me,work,from,8am,to,10pm,most,days.,Longer,on,others.,loveitsoeffingmuch,,,,,,,,,
wyrdmantis,RFJernigan,deamoncohln,brook_j1327,BeMyAnHero,leeannatrippin,AmericaPOTUS,lizzymartineez,aidan‚Ä¶,t.co/XknczLwefx,,,,,,,,,,,,,,,,,
Now,Available!!,I‚Äôm,Steamin‚Äô,T-Shirt,,,,,,,,,,,,,,,,,,,,,,
t.co/WmgDEqlrhf‚Ä¶,,,,,,,,,,,,,,,,,,,,,,,,,,
TShirt,teeshirt,cute,CUTEST,sodumb‚Ä¶,t.co/bQVPoYTRek,,,,,,,,,,,,,,,,,,,,,
‡§∏‡§®‡§Æ,‡§§‡•á‡§∞‡•Ä,‡§ï‡§∏‡§Æ‡•§,,,,,,,,,,,,,,,,,,,,,,,,
,,,,,,,,,,,,,,,,,,,,,,,,,,
Sukkhi,Joke,India,Indian,Funny,Foodie,TBT,TB,ThrowbackThursday,Kasam,Haha,Puns‚Ä¶,t.co/g26S1o2OCf,,,,,,,,,,,,,,
tayprompt,Corny,as,fuck,my,ass.,Thank,God,it's,not,written,for,you,baka,magpakamatay,nagsulat,nun,kasi,YOU,MATTERED,üòÇüôä,,,,,,
I,always,tend,to,steer,away,from,üôÑüôàüòâüòÇ,t.co/1Aye3ge3uc,,,,,,,,,,,,,,,,,,
JudiDoodlecat,What's,the,painful,death,of,a,few,far,away,children,to,keep,Theresa,in,power.,Better,tag,this,as,just,in,case...,,,,
Can,I,win,a,prize,if,I,guess,the,whole,NFL,Eagles,schedule,correctly?,975TheFanatic,FlyEaglesFly,‚Ä¶,t.co/nSsqeYbHWp,,,,,,,,,
Poor,Jokes.,,,,,,,,,,,,,,,,,,,,,,,,,
Puns.,,,,,,,,,,,,,,,,,,,,,,,,,,
Normal,Jokes.,,,,,,,,,,,,,,,,,,,,,,,,,
Funny,memes.,,,,,,,,,,,,,,,,,,,,,,,,,
Dank,memes.,,,,,,,,,,,,,,,,,,,,,,,,,
My,Career.,,,,,,,,,,,,,,,,,,,,,,,,,
memes,dankmemes,meme,,,,,,,,,,,,,,,,,,,,,,,,
Which,is,what,we‚Äôve,always,wanted.,To,be,BFF‚Äôs,with,the,country,who,literally,starves,their,people,as,a,means,of,su‚Ä¶,t.co/WnYDjNaR58,,,,
Funny,memes,Jokes,puns,lol,t.co/9pIvc2kybb,t.co/1mb6LZMYfa,,,,,,,,,,,,,,,,,,,,
It's,said,that,is,the,lowest,form,of,wit.,To,that,I,say,"No, really? Hey, somebody give this person a Nobel peace prize!",,,,,,,,,,,,,
AndrewScheer,sunrickbell,CPC_HQ,Page,5,columnist,and,'resident,stirrer,of,many,pots',sounds,like,the,best,person‚Ä¶,t.co/sERZC6NawH,,,,,,,,,
kuttijanaki,MathewMathews11,‡¥Ö‡¥®‡µç‡¥®‡µç,‡¥ü‡µç‡¥µ‡¥ø‡¥±‡µç‡¥±‡¥±‡µÅ‡¥Ç,‡¥â‡¥£‡µç‡¥ü‡¥æ‡¥Ø‡¥ø‡¥∞‡µÅ‡¥®‡µç‡¥®‡µÅ.,‡¥Ø‡µÅ‡¥¶‡µç‡¥ß‡¥ô‡µç‡¥ô‡µæ,‡¥í‡¥ï‡µç‡¥ï‡µÜ,‡¥ü‡µç‡¥µ‡µÄ‡¥±‡µç‡¥±‡µÅ‡¥ï‡µæ,‡¥µ‡¥¥‡¥ø‡¥Ø‡¥æ‡¥Ø‡¥ø‡¥∞‡µÅ‡¥®‡µç‡¥®‡µÅ.,TL‡¥≤‡µÅ‡¥Ç,DM‡¥≤‡µÅ‡¥Ç.,,,,,,,,,,,,,,,,
,,,,,,,,,,,,,,,,,,,,,,,,,,
,,,,,,,,,,,,,,,,,,,,,,,,,,
You,understand,my,in,a,text...,,,,,,,,,,,,,,,,,,,,,
this,is,why,we're,friends.,üò¨,Definition,Twitter,Friends,,,,,,,,,,,,,,,,,,
JoeTalkShow,ImNotAFanOfTrumpBut,it,was,nice,to,get,$600,of,that,$1000,bonus,in,my,check!,,,,,,,,,,,,
,,,,,,,,,,,,,,,,,,,,,,,,,,
HalfABonus,,,,,,,,,,,,,,,,,,,,,,,,,,
TheGoodGodAbove,Hey,God,don't,relocate,to,Florida.,You'll,be,arrested,for,child,neglect.,Take,care,of,your,chil‚Ä¶,t.co/9NCF2vrX37,,,,,,,,
TwoSidedDragon,DavidBaszucki,Roblox,SAI,,,,,,,,,,,,,,,,,,,,,,,
Pretence,is,good,but,doesn't,work,with,me.,,,,,,,,,,,,,,,,,,,
,,,,,,,,,,,,,,,,,,,,,,,,,,
randomthoughts,positivevibes,quotes,originalquote,PunIntended,,,,,,,,,,,,,,,,,,,,,,
AP,The lone official candidate.,Sounds,like,Cuba,is,a,great,place,to,live.,,,,,,,,,,,,,,,,
,,,,,,,,,,,,,,,,,,,,,,,,,,
Cuba,socialism,,,,,,,,,,,,,,,,,,,,,,,,,
kanyewest,Whoa,such,a,unique,thought!,You're,such,a,visionary,Kanye!!!,,,,,,,,,,,,,,,,
Im,diggin,the,cave,system,idea,gonna,be,some,tunnel,rats,up,in,this,mofo.,,,,,,,,,,,,
pubg,tournamentready,t.co/hzAdYU2NtI,,,,,,,,,,,,,,,,,,,,,,,,
We,need,to,stop,this,nonsense,war,of,emacs,vs,vi.,We,all,know,that,vi,is,like,hotel,California:,once,you‚Äôre,in,you‚Ä¶,t.co/Gxj7okD4xI,,
Only,if,Lucky,comes,back,having,discovered,he's,really,into,men,and,uncovers,that,Franco,has,been,denying,his,sexua‚Ä¶,t.co/2i8ofS5TWg,,,,,,
My,bad,I,forgot,to,add:,üòè,,,,,,,,,,,,,,,,,,,,
,,,,,,,,,,,,,,,,,,,,,,,,,,
I'm,going,to,right,a,book.,,,,,,,,,,,,,,,,,,,,,
It's,called, for dummies,üòú,,,,,,,,,,,,,,,,,,,,,,,
,,,,,,,,,,,,,,,,,,,,,,,,,,
WhySoSerious,ü§°,,,,,,,,,,,,,,,,,,,,,,,,,
Raghav,shows,can,be,sharper,than,the,karana!,,,,,,,,,,,,,,,,,,,
I,was,avoiding,drama,all,my,life,n,it's,not,too,late,I,realized,this,,,,,,,,,,,,
"All the world‚Äôs a stage, And all the men and‚Ä¶ t.co/HDYrxYhmYn",,,,,,,,,,,,,,,,,,,,,,,,,,
KindAndUnblind,I,do,but,I,usually,tag,it,,,,,,,,,,,,,,,,,,,
If,he,gets,away,without,any,real,punishment,it‚Äôs,a,perversion,of,justice.,Oh,wait,what,was,I,thinking?,Tory,Ministe‚Ä¶,t.co/WtpCbZ9WyU,,,,,
Mais,o,que,importa,√©,que,tiramos,o,PT,do,poder,e,o,Lula,foi,preso,t.co/qZePnxaoo6,,,,,,,,,,
,and,Funny,Funny,t-shirt,Funny,sayings,I,Feel,SARCASM,coming,on.,Adult,tees,shirts,for,Women.‚Ä¶,t.co/fxpWNvXboW,,,,,,,,,
Feeling,inspired,after,my,cells,all,died,:))))))))))))),,,,,,,,,,,,,,,,,,,
,FakeNews,,,,,,,,,,,,,,,,,,,,,,,,,
,,,,,,,,,,,,,,,,,,,,,,,,,,
‡§Ö‡§∞‡•á,‡§Ø‡•á,‡§ï‡•ç‡§Ø‡§æ,‡§¨‡•ã‡§≤,‡§ó‡§è,?,,,,,,,,,,,,,,,,,,,,,
,,,,,,,,,,,,,,,,,,,,,,,,,,
t.co/Qr8SEWA0Up,,,,,,,,,,,,,,,,,,,,,,,,,,
Just,some,normal,women,on,a,normal,day,recording,some,normal,videos.,üòÇüòÇüòÇ,josaxton,‚Ä¶,t.co/B81pfDlmkS,,,,,,,,,,,
Hey,hi.,I'm,here,to,look,pretty,and,insult,your,intelligence.,[insert,something,insulting,to,your,intelligence,and,hairflip,here],,,,,,,
epithetagain,jeffsessions,It's,why,I,said,it,,,,,,,,,,,,,,,,,,,,